<edmx:Edmx
    xmlns:edmx="http://schemas.microsoft.com/ado/2007/06/edmx"
    xmlns:m="http://schemas.microsoft.com/ado/2007/08/dataservices/metadata"
    xmlns:sap="http://www.sap.com/Protocols/SAPData" Version="1.0">
    <edmx:DataServices m:DataServiceVersion="2.0">
        <Schema
            xmlns="http://schemas.microsoft.com/ado/2008/09/edm" Namespace="ZPM_MAINT_ORDER_SRV" xml:lang="en" sap:schema-version="1">
            <EntityType Name="OrderHeader" sap:label="Ordem de Manutenção" sap:content-version="1">
                <Key>
                    <PropertyRef Name="Orderid"/>
                </Key>
                <Property Name="Orderid" Type="Edm.String" Nullable="false" MaxLength="12" sap:label="Order" sap:creatable="false" sap:updatable="false" sap:sortable="false" sap:filterable="false"/>
                <Property Name="OrderType" Type="Edm.String" Nullable="false" MaxLength="4" sap:label="Order Type" sap:creatable="false" sap:updatable="false" sap:sortable="false" sap:filterable="false"/>
                <Property Name="ShortText" Type="Edm.String" Nullable="false" MaxLength="40" sap:label="Descritivo ordem" sap:creatable="false" sap:updatable="false" sap:sortable="false" sap:filterable="false"/>
                <Property Name="CompCode" Type="Edm.String" Nullable="false" MaxLength="4" sap:label="Company Code" sap:creatable="false" sap:updatable="false" sap:sortable="false" sap:filterable="false"/>
                <Property Name="Plant" Type="Edm.String" Nullable="false" MaxLength="4" sap:label="Plant" sap:creatable="false" sap:updatable="false" sap:sortable="false" sap:filterable="false"/>
                <Property Name="BusArea" Type="Edm.String" Nullable="false" MaxLength="4" sap:label="Business Area" sap:creatable="false" sap:updatable="false" sap:sortable="false" sap:filterable="false"/>
                <Property Name="CoArea" Type="Edm.String" Nullable="false" MaxLength="4" sap:label="CO Area" sap:creatable="false" sap:updatable="false" sap:sortable="false" sap:filterable="false"/>
                <Property Name="Respcctr" Type="Edm.String" Nullable="false" MaxLength="10" sap:label="Resp. cost cntr" sap:creatable="false" sap:updatable="false" sap:sortable="false" sap:filterable="false"/>
                <Property Name="Priority" Type="Edm.String" Nullable="false" MaxLength="1" sap:label="Priority" sap:creatable="false" sap:updatable="false" sap:sortable="false" sap:filterable="false"/>
                <Property Name="Equipment" Type="Edm.String" Nullable="false" MaxLength="18" sap:label="Equipment" sap:creatable="false" sap:updatable="false" sap:sortable="false" sap:filterable="false"/>
                <Property Name="MnWkCtr" Type="Edm.String" Nullable="false" MaxLength="8" sap:label="Main WorkCtr" sap:creatable="false" sap:updatable="false" sap:sortable="false" sap:filterable="false"/>
                <Property Name="MnWkPlant" Type="Edm.String" Nullable="false" MaxLength="4" sap:label="Plant WkCntr" sap:creatable="false" sap:updatable="false" sap:sortable="false" sap:filterable="false"/>
                <Property Name="Costcenter" Type="Edm.String" Nullable="false" MaxLength="10" sap:label="Cost Center" sap:creatable="false" sap:updatable="false" sap:sortable="false" sap:filterable="false"/>
                <Property Name="Maintplant" Type="Edm.String" Nullable="false" MaxLength="4" sap:label="MaintPlant" sap:creatable="false" sap:updatable="false" sap:sortable="false" sap:filterable="false"/>
                <Property Name="Funcloc" Type="Edm.String" Nullable="false" MaxLength="40" sap:label="Functional Loc." sap:creatable="false" sap:updatable="false" sap:sortable="false" sap:filterable="false"/>
                <Property Name="FinishDate" Type="Edm.DateTime" Nullable="false" Precision="7" sap:label="Basic fin. date" sap:creatable="false" sap:updatable="false" sap:sortable="false" sap:filterable="false"/>
                <Property Name="StartDate" Type="Edm.DateTime" Nullable="false" Precision="7" sap:label="Bas. start date" sap:creatable="false" sap:updatable="false" sap:sortable="false" sap:filterable="false"/>
                <Property Name="Pmacttype" Type="Edm.String" Nullable="false" MaxLength="3" sap:label="MaintActivType" sap:creatable="false" sap:updatable="false" sap:sortable="false" sap:filterable="false"/>
                <Property Name="Equidescr" Type="Edm.String" Nullable="false" MaxLength="40" sap:label="Descrição Equipamento" sap:creatable="false" sap:updatable="false" sap:sortable="false" sap:filterable="false"/>
                <Property Name="Funcldescr" Type="Edm.String" Nullable="false" MaxLength="40" sap:label="Descrição Local Inst." sap:creatable="false" sap:updatable="false" sap:sortable="false" sap:filterable="false"/>
                <Property Name="Pmactdescr" Type="Edm.String" Nullable="false" MaxLength="30" sap:label="MAT descriptn" sap:creatable="false" sap:updatable="false" sap:sortable="false" sap:filterable="false"/>
                <Property Name="StatusMobl" Type="Edm.String" Nullable="false" MaxLength="1" sap:creatable="false" sap:updatable="false" sap:sortable="false"/>
                <Property Name="StatusDescr" Type="Edm.String" Nullable="false" MaxLength="20" sap:creatable="false" sap:updatable="false" sap:sortable="false" sap:filterable="false"/>
                <Property Name="UdateLb" Type="Edm.DateTime" Precision="7" sap:creatable="false" sap:updatable="false" sap:sortable="false" sap:filterable="false"/>
                <Property Name="UtimeLb" Type="Edm.Time" Precision="0" sap:creatable="false" sap:updatable="false" sap:sortable="false" sap:filterable="false"/>
                <Property Name="UdateLc" Type="Edm.DateTime" Precision="7" sap:label="Data de Lib. Líder" sap:creatable="false" sap:updatable="false" sap:sortable="false" sap:filterable="false"/>
                <Property Name="UtimeLc" Type="Edm.Time" Precision="0" sap:label="Hora Lib. Líder" sap:creatable="false" sap:updatable="false" sap:sortable="false" sap:filterable="false"/>
                <NavigationProperty Name="OrderToOperation" Relationship="ZPM_MAINT_ORDER_SRV.OrderToOperation" FromRole="FromRole_OrderToOperation" ToRole="ToRole_OrderToOperation"/>
            </EntityType>
            <EntityType Name="OrderOperation" sap:label="Operação" sap:content-version="1">
                <Key>
                    <PropertyRef Name="Orderid"/>
                    <PropertyRef Name="Activity"/>
                </Key>
                <Property Name="Orderid" Type="Edm.String" Nullable="false" MaxLength="12" sap:label="Order" sap:creatable="false" sap:updatable="false" sap:sortable="false" sap:filterable="false"/>
                <Property Name="Activity" Type="Edm.String" Nullable="false" MaxLength="4" sap:label="Oper./Act." sap:creatable="false" sap:updatable="false" sap:sortable="false" sap:filterable="false"/>
                <Property Name="ControlKey" Type="Edm.String" Nullable="false" MaxLength="4" sap:label="Control key" sap:creatable="false" sap:updatable="false" sap:sortable="false" sap:filterable="false"/>
                <Property Name="WorkCntr" Type="Edm.String" Nullable="false" MaxLength="8" sap:label="Work center" sap:creatable="false" sap:updatable="false" sap:sortable="false" sap:filterable="false"/>
                <Property Name="Plant" Type="Edm.String" Nullable="false" MaxLength="4" sap:label="Plant" sap:creatable="false" sap:updatable="false" sap:sortable="false" sap:filterable="false"/>
                <Property Name="Description" Type="Edm.String" Nullable="false" MaxLength="40" sap:label="Opr. short text" sap:creatable="false" sap:updatable="false" sap:sortable="false" sap:filterable="false"/>
                <Property Name="WorkActivity" Type="Edm.Decimal" Nullable="false" Precision="7" Scale="1" sap:unit="UnWork" sap:label="Work" sap:creatable="false" sap:updatable="false" sap:sortable="false" sap:filterable="false"/>
                <Property Name="UnWork" Type="Edm.String" Nullable="false" MaxLength="3" sap:label="Unit for work" sap:creatable="false" sap:updatable="false" sap:sortable="false" sap:filterable="false" sap:semantics="unit-of-measure"/>
                <Property Name="DurationNormal" Type="Edm.Decimal" Nullable="false" Precision="5" Scale="1" sap:unit="DurationNormalUnit" sap:label="Normal duration" sap:creatable="false" sap:updatable="false" sap:sortable="false" sap:filterable="false"/>
                <Property Name="DurationNormalUnit" Type="Edm.String" Nullable="false" MaxLength="3" sap:label="Norm.duratn un." sap:creatable="false" sap:updatable="false" sap:sortable="false" sap:filterable="false" sap:semantics="unit-of-measure"/>
            </EntityType>
            <EntityType Name="OrderStatus" sap:label="Status da Ordem" sap:content-version="1">
                <Key>
                    <PropertyRef Name="StatusMobl"/>
                </Key>
                <Property Name="StatusMobl" Type="Edm.String" Nullable="false" MaxLength="1" sap:creatable="false" sap:updatable="false" sap:sortable="false" sap:filterable="false"/>
                <Property Name="StatusDescr" Type="Edm.String" Nullable="false" MaxLength="20" sap:creatable="false" sap:updatable="false" sap:sortable="false" sap:filterable="false"/>
            </EntityType>
            <Association Name="OrderToOperation" sap:content-version="1" sap:label="Operações da Ordem">
                <End Type="ZPM_MAINT_ORDER_SRV.OrderHeader" Multiplicity="1" Role="FromRole_OrderToOperation"/>
                <End Type="ZPM_MAINT_ORDER_SRV.OrderOperation" Multiplicity="*" Role="ToRole_OrderToOperation"/>
                <ReferentialConstraint>
                    <Principal Role="FromRole_OrderToOperation">
                        <PropertyRef Name="Orderid"/>
                    </Principal>
                    <Dependent Role="ToRole_OrderToOperation">
                        <PropertyRef Name="Orderid"/>
                    </Dependent>
                </ReferentialConstraint>
            </Association>
            <EntityContainer Name="ZPM_MAINT_ORDER_SRV_Entities" m:IsDefaultEntityContainer="true" sap:supported-formats="atom json xlsx">
                <EntitySet Name="OrderHeaderSet" EntityType="ZPM_MAINT_ORDER_SRV.OrderHeader" sap:label="Ordem de Manutenção" sap:creatable="false" sap:updatable="false" sap:deletable="false" sap:pageable="false" sap:content-version="1"/>
                <EntitySet Name="OrderOperationSet" EntityType="ZPM_MAINT_ORDER_SRV.OrderOperation" sap:label="Operações" sap:creatable="false" sap:updatable="false" sap:deletable="false" sap:pageable="false" sap:content-version="1"/>
                <EntitySet Name="OrderStatusSet" EntityType="ZPM_MAINT_ORDER_SRV.OrderStatus" sap:label="Status da Ordem" sap:creatable="false" sap:updatable="false" sap:deletable="false" sap:pageable="false" sap:content-version="1"/>
                <AssociationSet Name="OrderToOperationSet" Association="ZPM_MAINT_ORDER_SRV.OrderToOperation" sap:creatable="false" sap:updatable="false" sap:deletable="false" sap:content-version="1">
                    <End EntitySet="OrderHeaderSet" Role="FromRole_OrderToOperation"/>
                    <End EntitySet="OrderOperationSet" Role="ToRole_OrderToOperation"/>
                </AssociationSet>
            </EntityContainer>
            <atom:link
                xmlns:atom="http://www.w3.org/2005/Atom" rel="self" href="./sap/ZPM_MAINT_ORDER_SRV/$metadata"/>
                <atom:link
                    xmlns:atom="http://www.w3.org/2005/Atom" rel="latest-version" href="./sap/ZPM_MAINT_ORDER_SRV/$metadata"/>
                </Schema>
            </edmx:DataServices>
        </edmx:Edmx>